{
  "name": "[Weird] Acid Trip",
  "author": "heo",
  "Border": "#FF00FFFF",
  "BorderShadow": "#00000066",
  "Button": "#0011FFEE",
  "ButtonActive": "#FF3300CC",
  "ButtonHovered": "#33FF11DD",
  "CheckMark": "#FFFF0099",
  "ChildBg": "#11001111",
  "DragDropTarget": "#00FFCCEE",
  "FFTHoldColor": "#FFCC00EE",
  "FrameBg": "#220022FF",
  "FrameBgActive": "#DD00FFCC",
  "FrameBgHovered": "#00DDFFCC",
  "Header": "#FF0066BF",
  "HeaderActive": "#66FF00AF",
  "HeaderHovered": "#00FF66DF",
  "MenuBarBg": "#110033FF",
  "ModalWindowDimBg": "#000000CC",
  "NavHighlight": "#FFAA00EE",
  "NavWindowingDimBg": "#33003388",
  "NavWindowingHighlight": "#CC00FFB2",
  "PlotHistogram": "#AAFF00FF",
  "PlotHistogramHovered": "#00FF66EE",
  "PlotLines": "#FF0055FF",
  "PlotLinesHovered": "#55FF00EE",
  "PopupBg": "#221122EE",
  "ResizeGrip": "#FF33FF55",
  "ResizeGripActive": "#33FFFFEE",
  "ResizeGripHovered": "#FF5533AA",
  "ScrollbarBg": "#11004488",
  "ScrollbarGrab": "#00FF11FF",
  "ScrollbarGrabActive": "#FF11CCFF",
  "ScrollbarGrabHovered": "#11CCFFEE",
  "Separator": "#FF00AAFF",
  "SeparatorActive": "#AA00FFFF",
  "SeparatorHovered": "#00AAFFDD",
  "SliderGrab": "#FF0066FF",
  "SliderGrabActive": "#66FF00FF",
  "Tab": "#330033CC",
  "TabActive": "#FF00DDFF",
  "TabHovered": "#00FFDDFF",
  "TabUnfocused": "#110011BB",
  "TabUnfocusedActive": "#220022FF",
  "TableBorderLight": "#00FF88FF",
  "TableBorderStrong": "#FF0088EE",
  "TableHeaderBg": "#441144FF",
  "TableRowBg": "#00000000",
  "TableRowBgAlt": "#FFFFFF11",
  "Text": "#CCFFEEFF",
  "TextDisabled": "#8888BBAA",
  "TextSelectedBg": "#FF00CC66",
  "TitleBg": "#000011FF",
  "TitleBgActive": "#AA0033FF",
  "TitleBgCollapsed": "#00000099",
  "WindowBg": "#110022FF",
  "ClearColor": "#001100FF",
  "WaterfallBackground": "#00003300"
}
