{
  "name": "[Dark] Blue Deep Modified",
  "author": "heo",
  "Border": "#2E3B52FF",
  "BorderShadow": "#00000088",
  "Button": "#17202A99",
  "ButtonActive": "#254060CC",
  "ButtonHovered": "#30527FCC",
  "CheckMark": "#5599FFFF",
  "ChildBg": "#00000000",
  "DragDropTarget": "#0099FFCC",
  "FFTHoldColor": "#0099FFEE",
  "FrameBg": "#121B2BDD",
  "FrameBgActive": "#192639EE",
  "FrameBgHovered": "#22354CE6",
  "Header": "#2D4E77A0",
  "HeaderActive": "#3C5E8CAD",
  "HeaderHovered": "#3C70BFFF",
  "MenuBarBg": "#0F1725FF",
  "ModalWindowDimBg": "#000000A0",
  "NavHighlight": "#4079FFFF",
  "NavWindowingDimBg": "#14193F88",
  "NavWindowingHighlight": "#4079FFB2",
  "PlotHistogram": "#3366BBFF",
  "PlotHistogramHovered": "#5599FFFF",
  "PlotLines": "#44CCFFFF",
  "PlotLinesHovered": "#FF5A44FF",
  "PopupBg": "#0A1422EE",
  "ResizeGrip": "#4079FF4D",
  "ResizeGripActive": "#4079FFF2",
  "ResizeGripHovered": "#4079FFAA",
  "ScrollbarBg": "#080F1CBB",
  "ScrollbarGrab": "#27427FFF",
  "ScrollbarGrabActive": "#3B69AAFF",
  "ScrollbarGrabHovered": "#3160A4FF",
  "Separator": "#2E3B52FF",
  "SeparatorActive": "#3B69AAFF",
  "SeparatorHovered": "#4B78CBFF",
  "SliderGrab": "#5599FFFF",
  "SliderGrabActive": "#4AAEFFFF",
  "Tab": "#1A3658CC",
  "TabActive": "#2761AAEE",
  "TabHovered": "#3A75C0FF",
  "TabUnfocused": "#0B1A2ECC",
  "TabUnfocusedActive": "#163250FF",
  "TableBorderLight": "#22304EFF",
  "TableBorderStrong": "#2E496EFF",
  "TableHeaderBg": "#182840FF",
  "TableRowBg": "#00000000",
  "TableRowBgAlt": "#FFFFFF11",
  "Text": "#E0E0E0FF",
  "TextDisabled": "#5F7FAEFF",
  "TextSelectedBg": "#33558866",
  "TitleBg": "#07101DFF",
  "TitleBgActive": "#203352FF",
  "TitleBgCollapsed": "#000000AA",
  "WindowBg": "#0A182CFF",
  "ClearColor": "#070C14FF",
  "WaterfallBackground": "#000016FF"
}
