{
  "name": "[Neon] Cyber Pulse",
  "author": "heo",
  "Border": "#22CCCCDD",
  "BorderShadow": "#00000000",
  "Button": "#004D4D99",
  "ButtonActive": "#00B2B2CC",
  "ButtonHovered": "#33CCCCCC",
  "CheckMark": "#33FFFFEE",
  "ChildBg": "#00000000",
  "DragDropTarget": "#22FFFFCC",
  "FFTHoldColor": "#22FFFFEE",
  "FrameBg": "#002A2ABB",
  "FrameBgActive": "#003B3BBB",
  "FrameBgHovered": "#004C4CBB",
  "Header": "#229999BB",
  "HeaderActive": "#33CCCCDD",
  "HeaderHovered": "#44CCCCEE",
  "MenuBarBg": "#001A1AFF",
  "ModalWindowDimBg": "#00000080",
  "NavHighlight": "#33FFFFEE",
  "NavWindowingDimBg": "#1C3C3C88",
  "NavWindowingHighlight": "#33FFFFB2",
  "PlotHistogram": "#44CCCCDD",
  "PlotHistogramHovered": "#55FFFFEE",
  "PlotLines": "#55FFFFEE",
  "PlotLinesHovered": "#66FFFFFF",
  "PopupBg": "#001622F0",
  "ResizeGrip": "#33FFFFAA",
  "ResizeGripActive": "#33FFFFF2",
  "ResizeGripHovered": "#44FFFFCC",
  "ScrollbarBg": "#0A1A1A87",
  "ScrollbarGrab": "#2E7F7FFF",
  "ScrollbarGrabActive": "#40AAAAFF",
  "ScrollbarGrabHovered": "#359999FF",
  "Separator": "#22CCCCDD",
  "SeparatorActive": "#40AAAAFF",
  "SeparatorHovered": "#4DCCCCFF",
  "SliderGrab": "#33FFFFEE",
  "SliderGrabActive": "#33FFFFF2",
  "Tab": "#226666DD",
  "TabActive": "#33BBBBEE",
  "TabHovered": "#44CCCCDD",
  "TabUnfocused": "#101F1FF7",
  "TabUnfocusedActive": "#1A3535FF",
  "TableBorderLight": "#2A3A3AFF",
  "TableBorderStrong": "#3A6A6AFF",
  "TableHeaderBg": "#203232FF",
  "TableRowBg": "#00000000",
  "TableRowBgAlt": "#22000000",
  "Text": "#FFFFFFFF",
  "TextDisabled": "#7F9FBFFF",
  "TextSelectedBg": "#4444AA59",
  "TitleBg": "#0A1414FF",
  "TitleBgActive": "#1E2F2FFF",
  "TitleBgCollapsed": "#00000082",
  "WindowBg": "#0D1A1AEE",
  "ClearColor": "#0B1010FF",
  "WaterfallBackground": "#001414FF"
}
