{
  "name": "[Neon] Cyber",
  "author": "heo",
  "Border": "#00F0FFFF",
  "BorderShadow": "#00000000",
  "Button": "#00114466",
  "ButtonActive": "#003388AA",
  "ButtonHovered": "#00226699",
  "CheckMark": "#00FFFFEE",
  "ChildBg": "#00000000",
  "DragDropTarget": "#00E6FFCC",
  "FFTHoldColor": "#00E6FFDD",
  "FrameBg": "#0A002ABB",
  "FrameBgActive": "#220066DD",
  "FrameBgHovered": "#4400AAEE",
  "Header": "#0055FF66",
  "HeaderActive": "#0077FF99",
  "HeaderHovered": "#3399FFCC",
  "MenuBarBg": "#0D0022FF",
  "ModalWindowDimBg": "#00000099",
  "NavHighlight": "#00FFFFAA",
  "NavWindowingDimBg": "#00003388",
  "NavWindowingHighlight": "#00FFF0CC",
  "PlotHistogram": "#00AAFFFF",
  "PlotHistogramHovered": "#00CCFFFF",
  "PlotLines": "#00FFFFFF",
  "PlotLinesHovered": "#3399FFFF",
  "PopupBg": "#0A0018F0",
  "ResizeGrip": "#00CCFFFF",
  "ResizeGripActive": "#00FFFFFF",
  "ResizeGripHovered": "#00CCFFAA",
  "ScrollbarBg": "#110033A7",
  "ScrollbarGrab": "#0077FFFF",
  "ScrollbarGrabActive": "#0099FFFF",
  "ScrollbarGrabHovered": "#33AAFFFF",
  "Separator": "#00CCFFAA",
  "SeparatorActive": "#00DDFFFF",
  "SeparatorHovered": "#00E0FFCC",
  "SliderGrab": "#00E0FFFF",
  "SliderGrabActive": "#33F0FFFF",
  "Tab": "#220044DD",
  "TabActive": "#5500AAFF",
  "TabHovered": "#0099FFFF",
  "TabUnfocused": "#110022F7",
  "TabUnfocusedActive": "#330066FF",
  "TableBorderLight": "#440077FF",
  "TableBorderStrong": "#6600AAFF",
  "TableHeaderBg": "#1A0033FF",
  "TableRowBg": "#00000000",
  "TableRowBgAlt": "#FFFFFF08",
  "Text": "#FFFFFFFF",
  "TextDisabled": "#8888AAFF",
  "TextSelectedBg": "#0044FF44",
  "TitleBg": "#000010FF",
  "TitleBgActive": "#1A0033FF",
  "TitleBgCollapsed": "#00000088",
  "WindowBg": "#0A0018EE",
  "ClearColor": "#00000FFF",
  "WaterfallBackground": "#00001AFF"
}
