{
  "name": "[Dark] Rose",
  "author": "heo",
  "Border": "#5A1E35FF",
  "BorderShadow": "#00000000",
  "Button": "#3A162B66",
  "ButtonActive": "#4F1A3F66",
  "ButtonHovered": "#4F1A3F72",
  "CheckMark": "#E06FAFFF",
  "ChildBg": "#FFFFFF00",
  "DragDropTarget": "#FF70BCCC",
  "FFTHoldColor": "#FF70BCEE",
  "FrameBg": "#2C1422BB",
  "FrameBgActive": "#3E1A2DBB",
  "FrameBgHovered": "#4A1F38BB",
  "Header": "#7435537F",
  "HeaderActive": "#8C3A667F",
  "HeaderHovered": "#A13C757F",
  "MenuBarBg": "#1B0C1DFF",
  "ModalWindowDimBg": "#00000080",
  "NavHighlight": "#FF50AFFF",
  "NavWindowingDimBg": "#3C1A2E88",
  "NavWindowingHighlight": "#FF50AFB2",
  "PlotHistogram": "#CC4499FF",
  "PlotHistogramHovered": "#FF66BFFF",
  "PlotLines": "#FF66C9FF",
  "PlotLinesHovered": "#FF99DDFF",
  "PopupBg": "#1A0D18F0",
  "ResizeGrip": "#FF50AF3F",
  "ResizeGripActive": "#FF50AFF2",
  "ResizeGripHovered": "#FF50AFAA",
  "ScrollbarBg": "#1A0A1887",
  "ScrollbarGrab": "#8A2E5FFF",
  "ScrollbarGrabActive": "#AA4080FF",
  "ScrollbarGrabHovered": "#9A3475FF",
  "Separator": "#5A1E35FF",
  "SeparatorActive": "#AA4080FF",
  "SeparatorHovered": "#CC4D99FF",
  "SliderGrab": "#E06FAFFF",
  "SliderGrabActive": "#F982CCFF",
  "Tab": "#772255DD",
  "TabActive": "#AA2B7FEE",
  "TabHovered": "#FF3DA0DD",
  "TabUnfocused": "#1A0F20F7",
  "TabUnfocusedActive": "#2A1030FF",
  "TableBorderLight": "#4F2A4FFF",
  "TableBorderStrong": "#6A3A5AFF",
  "TableHeaderBg": "#3C1A2EFF",
  "TableRowBg": "#00000000",
  "TableRowBgAlt": "#FFFFFF0A",
  "Text": "#FFFFFFFF",
  "TextDisabled": "#E0AFCFFF",
  "TextSelectedBg": "#FFFFFF33",
  "TitleBg": "#1E0A14FF",
  "TitleBgActive": "#4A1C30FF",
  "TitleBgCollapsed": "#00000082",
  "WindowBg": "#1A0B18EE",
  "ClearColor": "#0F0B15FF",
  "WaterfallBackground": "#0E0014FF"
}