{
  "name": "[Dark] Blue",
  "author": "heo",
  "Border": "#3A4A5AFF",
  "BorderShadow": "#00000000",
  "Button": "#1F2A3A66",
  "ButtonActive": "#2C3E5066",
  "ButtonHovered": "#2C3E5072",
  "CheckMark": "#3D84E0FF",
  "ChildBg": "#FFFFFF00",
  "DragDropTarget": "#00AFFFCC",
  "FFTHoldColor": "#00AFFFEE",
  "FrameBg": "#1A1F2CBB",
  "FrameBgActive": "#1E2433BB",
  "FrameBgHovered": "#2A3144BB",
  "Header": "#3450747F",
  "HeaderActive": "#3D5F8C8F",
  "HeaderHovered": "#3D5F8CBF",
  "MenuBarBg": "#121D2BFF",
  "ModalWindowDimBg": "#00000080",
  "NavHighlight": "#5080FFFF",
  "NavWindowingDimBg": "#1C1C3C88",
  "NavWindowingHighlight": "#5080FFB2",
  "PlotHistogram": "#4488CCFF",
  "PlotHistogramHovered": "#66AAFFFF",
  "PlotLines": "#66E5FFFF",
  "PlotLinesHovered": "#FF6D59FF",
  "PopupBg": "#0D1622F0",
  "ResizeGrip": "#5080FF3F",
  "ResizeGripActive": "#5080FFF2",
  "ResizeGripHovered": "#5080FFAA",
  "ScrollbarBg": "#0A0F1A87",
  "ScrollbarGrab": "#2E4A7FFF",
  "ScrollbarGrabActive": "#4066AAFF",
  "ScrollbarGrabHovered": "#345C99FF",
  "Separator": "#3A4A5AFF",
  "SeparatorActive": "#4066AAFF",
  "SeparatorHovered": "#4D79CCFF",
  "SliderGrab": "#3D84E0FF",
  "SliderGrabActive": "#4296F9FF",
  "Tab": "#224477DD",
  "TabActive": "#2B5FAAEE",
  "TabHovered": "#3D7FFFDD",
  "TabUnfocused": "#101A30F7",
  "TabUnfocusedActive": "#1A2F50FF",
  "TableBorderLight": "#2A3A4FFF",
  "TableBorderStrong": "#3A4F6AFF",
  "TableHeaderBg": "#202D40FF",
  "TableRowBg": "#00000000",
  "TableRowBgAlt": "#FFFFFF0A",
  "Text": "#FFFFFFFF",
  "TextDisabled": "#7F9FBFFF",
  "TextSelectedBg": "#4477AA59",
  "TitleBg": "#0A141EFF",
  "TitleBgActive": "#2C3E50FF",
  "TitleBgCollapsed": "#00000082",
  "WindowBg": "#0D1A2BEE",
  "ClearColor": "#0B1015FF",
  "WaterfallBackground": "#000014FF"
}
