{
  "name": "[Dark] Cyan Blue",
  "author": "heo",
  "Border": "#2F3F4FFF",
  "BorderShadow": "#00000000",
  "Button": "#18304066",
  "ButtonActive": "#204A5F66",
  "ButtonHovered": "#20506672",
  "CheckMark": "#3DC6E0FF",
  "ChildBg": "#FFFFFF00",
  "DragDropTarget": "#00D1FFFF",
  "FFTHoldColor": "#00C8FFEE",
  "FrameBg": "#122530BB",
  "FrameBgActive": "#16303EBB",
  "FrameBgHovered": "#1C3C4BBB",
  "Header": "#2A4A5C7F",
  "HeaderActive": "#3466778F",
  "HeaderHovered": "#3D7F99BF",
  "MenuBarBg": "#101F2FFF",
  "ModalWindowDimBg": "#00000080",
  "NavHighlight": "#3DCBFFFF",
  "NavWindowingDimBg": "#1A2C3C88",
  "NavWindowingHighlight": "#3DCBFFB2",
  "PlotHistogram": "#44B2CCFF",
  "PlotHistogramHovered": "#66D6FFFF",
  "PlotLines": "#66E5FFFF",
  "PlotLinesHovered": "#88FFFFCC",
  "PopupBg": "#0A1C22F0",
  "ResizeGrip": "#3DCBFF3F",
  "ResizeGripActive": "#3DCBFFF2",
  "ResizeGripHovered": "#3DCBFFAA",
  "ScrollbarBg": "#0A141A87",
  "ScrollbarGrab": "#2E6A7FFF",
  "ScrollbarGrabActive": "#40A6AAFF",
  "ScrollbarGrabHovered": "#339C99FF",
  "Separator": "#2F3F4FFF",
  "SeparatorActive": "#40A6AAFF",
  "SeparatorHovered": "#4DD6CCFF",
  "SliderGrab": "#3DC6E0FF",
  "SliderGrabActive": "#4AD9F9FF",
  "Tab": "#1A5566DD",
  "TabActive": "#2C9FB2EE",
  "TabHovered": "#3DDBFFDD",
  "TabUnfocused": "#102A30F7",
  "TabUnfocusedActive": "#1A4050FF",
  "TableBorderLight": "#2A4A5FFF",
  "TableBorderStrong": "#3A5F6AFF",
  "TableHeaderBg": "#1E3D4FFF",
  "TableRowBg": "#00000000",
  "TableRowBgAlt": "#FFFFFF0A",
  "Text": "#FFFFFFFF",
  "TextDisabled": "#A0C8DFFF",
  "TextSelectedBg": "#3DC6FF59",
  "TitleBg": "#0A1A24FF",
  "TitleBgActive": "#285066FF",
  "TitleBgCollapsed": "#00000082",
  "WindowBg": "#0A1E2BEE",
  "ClearColor": "#060D12FF",
  "WaterfallBackground": "#000014FF"
}
