{
    "name": "[Dark] Green",
    "author": "heo",
    "Border": "#6D7F6D7F",
    "BorderShadow": "#00000000",
    "Button": "#60706066",
    "ButtonActive": "#60706066",
    "ButtonHovered": "#60706072",
    "CheckMark": "#3DD080FF",
    "ChildBg": "#FFFFFF00",
    "DragDropTarget": "#80FF00E5",
    "FFTHoldColor": "#80FF00FF",
    "FrameBg": "#33383389",
    "FrameBgActive": "#33383389",
    "FrameBgHovered": "#33383389",
    "Header": "#90B2904F",
    "HeaderActive": "#90B2904F",
    "HeaderHovered": "#90B29066",
    "MenuBarBg": "#232823FF",
    "ModalWindowDimBg": "#00000080",
    "NavHighlight": "#77AA77FF",
    "NavWindowingDimBg": "#CCCCCC33",
    "NavWindowingHighlight": "#FFFFFFB2",
    "PlotHistogram": "#7CB926FF",
    "PlotHistogramHovered": "#99CC00FF",
    "PlotLines": "#66FF66FF",
    "PlotLinesHovered": "#55DD55FF",
    "PopupBg": "#141914EF",
    "ResizeGrip": "#C8E8C83F",
    "ResizeGripActive": "#75A575F2",
    "ResizeGripHovered": "#AACEAAFF",
    "ScrollbarBg": "#05080587",
    "ScrollbarGrab": "#4F6F4FFF",
    "ScrollbarGrabActive": "#82A282FF",
    "ScrollbarGrabHovered": "#68A868FF",
    "Separator": "#6D7F6D7F",
    "SeparatorActive": "#82A282FF",
    "SeparatorHovered": "#B7D7B7C6",
    "SliderGrab": "#3DD080FF",
    "SliderGrabActive": "#42F96FFF",
    "Tab": "#2D9346DB",
    "TabActive": "#32AD5CFF",
    "TabHovered": "#42F980CC",
    "TabUnfocused": "#112514F7",
    "TabUnfocusedActive": "#226C3AFF",
    "TableBorderLight": "#3A3F3AFF",
    "TableBorderStrong": "#4F594FFF",
    "TableHeaderBg": "#303330FF",
    "TableRowBg": "#00000000",
    "TableRowBgAlt": "#FFFFFF0F",
    "Text": "#FFFFFFFF",
    "TextDisabled": "#7F7F7FFF",
    "TextSelectedBg": "#DDFFDD59",
    "TitleBg": "#0A0F0AFF",
    "TitleBgActive": "#495949FF",
    "TitleBgCollapsed": "#00000082",
    "WindowBg": "#0F110FEF",
    "ClearColor": "#111311FF",
    "WaterfallBackground": "#000000FF"
}
