{
  "name": "[Dark] Purple",
  "author": "heo",
  "Border": "#4A2A5AFF",
  "BorderShadow": "#00000000",
  "Button": "#2E1A3A66",
  "ButtonActive": "#3A1F4A66",
  "ButtonHovered": "#3A1F4A72",
  "CheckMark": "#B066E0FF",
  "ChildBg": "#FFFFFF00",
  "DragDropTarget": "#C070FFCC",
  "FFTHoldColor": "#C070FFEE",
  "FrameBg": "#241A2CBB",
  "FrameBgActive": "#2E1F3EBB",
  "FrameBgHovered": "#392A4ABB",
  "Header": "#5C3A747F",
  "HeaderActive": "#70468C8F",
  "HeaderHovered": "#70468CBF",
  "MenuBarBg": "#1D122BFF",
  "ModalWindowDimBg": "#00000080",
  "NavHighlight": "#B050FFFF",
  "NavWindowingDimBg": "#2C1C3C88",
  "NavWindowingHighlight": "#B050FFB2",
  "PlotHistogram": "#A044CCFF",
  "PlotHistogramHovered": "#C066FFFF",
  "PlotLines": "#D066FFFF",
  "PlotLinesHovered": "#FF66D4FF",
  "PopupBg": "#1A0D22F0",
  "ResizeGrip": "#B050FF3F",
  "ResizeGripActive": "#B050FFF2",
  "ResizeGripHovered": "#B050FFAA",
  "ScrollbarBg": "#120A1A87",
  "ScrollbarGrab": "#6A2E7FFF",
  "ScrollbarGrabActive": "#8A40AAFF",
  "ScrollbarGrabHovered": "#7A34A0FF",
  "Separator": "#4A2A5AFF",
  "SeparatorActive": "#8A40AAFF",
  "SeparatorHovered": "#A04DCCFF",
  "SliderGrab": "#B066E0FF",
  "SliderGrabActive": "#C072F9FF",
  "Tab": "#552277DD",
  "TabActive": "#7F2BAAEE",
  "TabHovered": "#A03DFFDD",
  "TabUnfocused": "#1A1030F7",
  "TabUnfocusedActive": "#2A1A50FF",
  "TableBorderLight": "#3A2A4FFF",
  "TableBorderStrong": "#4F3A6AFF",
  "TableHeaderBg": "#2D2040FF",
  "TableRowBg": "#00000000",
  "TableRowBgAlt": "#FFFFFF0A",
  "Text": "#FFFFFFFF",
  "TextDisabled": "#BFAFDFFF",
  "TextSelectedBg": "#FFFFFF33",
  "TitleBg": "#140A1EFF",
  "TitleBgActive": "#3C2C50FF",
  "TitleBgCollapsed": "#00000082",
  "WindowBg": "#1A0D2BEE",
  "ClearColor": "#0F0B15FF",
  "WaterfallBackground": "#0E0014FF"
}
