{
  "name": "[Dark] Yellow",
  "author": "heo",
  "Border": "#5A4A2AFF",
  "BorderShadow": "#00000000",
  "Button": "#3A2F1A66",
  "ButtonActive": "#4A3B1E66",
  "ButtonHovered": "#4A3B1E72",
  "CheckMark": "#E0C03DFF",
  "ChildBg": "#FFFFFF00",
  "DragDropTarget": "#FFD700CC",
  "FFTHoldColor": "#FFD700EE",
  "FrameBg": "#2C261ABB",
  "FrameBgActive": "#3E351EBB",
  "FrameBgHovered": "#4A3F2ABB",
  "Header": "#7465347F",
  "HeaderActive": "#8C7B3D8F",
  "HeaderHovered": "#8C7B3DBF",
  "MenuBarBg": "#2B2512FF",
  "ModalWindowDimBg": "#00000080",
  "NavHighlight": "#FFDD5088",
  "NavWindowingDimBg": "#3C3C1C88",
  "NavWindowingHighlight": "#FFD750B2",
  "PlotHistogram": "#CCAA44FF",
  "PlotHistogramHovered": "#FFFF66FF",
  "PlotLines": "#FFE566FF",
  "PlotLinesHovered": "#FFB359FF",
  "PopupBg": "#221B0DF0",
  "ResizeGrip": "#FFD7503F",
  "ResizeGripActive": "#FFD750F2",
  "ResizeGripHovered": "#FFD750AA",
  "ScrollbarBg": "#1A180A87",
  "ScrollbarGrab": "#7F6A2EFF",
  "ScrollbarGrabActive": "#AA8E40FF",
  "ScrollbarGrabHovered": "#998034FF",
  "Separator": "#5A4A2AFF",
  "SeparatorActive": "#AA8E40FF",
  "SeparatorHovered": "#CCAA4DFF",
  "SliderGrab": "#E0C03DFF",
  "SliderGrabActive": "#F9D242FF",
  "Tab": "#775522DD",
  "TabActive": "#AA7F2BEE",
  "TabHovered": "#FFC83DDD",
  "TabUnfocused": "#302610F7",
  "TabUnfocusedActive": "#50421AFF",
  "TableBorderLight": "#4F3A2AFF",
  "TableBorderStrong": "#6A4F3AFF",
  "TableHeaderBg": "#403020FF",
  "TableRowBg": "#00000000",
  "TableRowBgAlt": "#FFFFFF0A",
  "Text": "#FFFFFFFF",
  "TextDisabled": "#BFAF7FFF",
  "TextSelectedBg": "#FFFFFF33",
  "TitleBg": "#1E170AFF",
  "TitleBgActive": "#50402CFF",
  "TitleBgCollapsed": "#00000082",
  "WindowBg": "#2B1A0DEE",
  "ClearColor": "#15100BFF",
  "WaterfallBackground": "#141000FF"
}
