{
  "name": "[Dark] Red",
  "author": "heo",
  "Border": "#5A1E1EFF",
  "BorderShadow": "#00000000",
  "Button": "#3A1A1A66",
  "ButtonActive": "#4A1E1E66",
  "ButtonHovered": "#4A1E1E72",
  "CheckMark": "#D04A4AFF",
  "ChildBg": "#FFFFFF00",
  "DragDropTarget": "#FF5555CC",
  "FFTHoldColor": "#FF5555EE",
  "FrameBg": "#2C1A1ABB",
  "FrameBgActive": "#3E1E1EBB",
  "FrameBgHovered": "#4A2A2ABB",
  "Header": "#742F2F7F",
  "HeaderActive": "#8C3D3D8F",
  "HeaderHovered": "#8C3D3DBF",
  "MenuBarBg": "#2B1212FF",
  "ModalWindowDimBg": "#00000080",
  "NavHighlight": "#FF505088",
  "NavWindowingDimBg": "#3C1C1C88",
  "NavWindowingHighlight": "#FF5050B2",
  "PlotHistogram": "#CC4444FF",
  "PlotHistogramHovered": "#FF6666FF",
  "PlotLines": "#FF6666FF",
  "PlotLinesHovered": "#FF3D3DFF",
  "PopupBg": "#220D0DF0",
  "ResizeGrip": "#FF50503F",
  "ResizeGripActive": "#FF5050F2",
  "ResizeGripHovered": "#FF5050AA",
  "ScrollbarBg": "#1A0A0A87",
  "ScrollbarGrab": "#7F2E2EFF",
  "ScrollbarGrabActive": "#AA4040FF",
  "ScrollbarGrabHovered": "#993434FF",
  "Separator": "#5A1E1EFF",
  "SeparatorActive": "#AA4040FF",
  "SeparatorHovered": "#CC4D4DFF",
  "SliderGrab": "#D04A4AFF",
  "SliderGrabActive": "#F95555FF",
  "Tab": "#772222DD",
  "TabActive": "#AA2B2BEE",
  "TabHovered": "#FF3D3DDD",
  "TabUnfocused": "#301010F7",
  "TabUnfocusedActive": "#501A1AFF",
  "TableBorderLight": "#4F2A2AFF",
  "TableBorderStrong": "#6A3A3AFF",
  "TableHeaderBg": "#402020FF",
  "TableRowBg": "#00000000",
  "TableRowBgAlt": "#FFFFFF0A",
  "Text": "#FFFFFFFF",
  "TextDisabled": "#BF7F7FFF",
  "TextSelectedBg": "#FFFFFF33",
  "TitleBg": "#1E0A0AFF",
  "TitleBgActive": "#502C2CFF",
  "TitleBgCollapsed": "#00000082",
  "WindowBg": "#2B0D0DEE",
  "ClearColor": "#150B0BFF",
  "WaterfallBackground": "#140000FF"
}
