{
  "name": "[Dark] Orange",
  "author": "heo",
  "Border": "#7A3B00FF",
  "BorderShadow": "#00000000",
  "Button": "#3A1F0D66",
  "ButtonActive": "#4F280F66",
  "ButtonHovered": "#5A2E1066",
  "CheckMark": "#FFA044FF",
  "ChildBg": "#FFFFFF00",
  "DragDropTarget": "#FFA000CC",
  "FFTHoldColor": "#FFA000EE",
  "FrameBg": "#2C1C10BB",
  "FrameBgActive": "#402415BB",
  "FrameBgHovered": "#503018BB",
  "Header": "#7A3E107F",
  "HeaderActive": "#9C4F1A8F",
  "HeaderHovered": "#C05E1FBF",
  "MenuBarBg": "#1B1209FF",
  "ModalWindowDimBg": "#00000080",
  "NavHighlight": "#FF7710FF",
  "NavWindowingDimBg": "#3C1E1088",
  "NavWindowingHighlight": "#FF7710B2",
  "PlotHistogram": "#E66A00FF",
  "PlotHistogramHovered": "#FF881AFF",
  "PlotLines": "#FF9933FF",
  "PlotLinesHovered": "#FFB066FF",
  "PopupBg": "#1A0D05F0",
  "ResizeGrip": "#FF77103F",
  "ResizeGripActive": "#FF7710F2",
  "ResizeGripHovered": "#FF7710AA",
  "ScrollbarBg": "#1A0E0887",
  "ScrollbarGrab": "#A04F1EFF",
  "ScrollbarGrabActive": "#C0602AFF",
  "ScrollbarGrabHovered": "#B05525FF",
  "Separator": "#7A3B00FF",
  "SeparatorActive": "#C0602AFF",
  "SeparatorHovered": "#E66A00FF",
  "SliderGrab": "#FFA044FF",
  "SliderGrabActive": "#FFB055FF",
  "Tab": "#803F1BDD",
  "TabActive": "#C05520EE",
  "TabHovered": "#FF7320DD",
  "TabUnfocused": "#1A1208F7",
  "TabUnfocusedActive": "#2A1C0AFF",
  "TableBorderLight": "#4F2D0FFF",
  "TableBorderStrong": "#6A3A1AFF",
  "TableHeaderBg": "#3C230BFF",
  "TableRowBg": "#00000000",
  "TableRowBgAlt": "#FFFFFF0A",
  "Text": "#FFFFFFFF",
  "TextDisabled": "#FFD7B0FF",
  "TextSelectedBg": "#FFFFFF33",
  "TitleBg": "#1E1106FF",
  "TitleBgActive": "#4A2C0CFF",
  "TitleBgCollapsed": "#00000082",
  "WindowBg": "#1A1006EE",
  "ClearColor": "#0F0B15FF",
  "WaterfallBackground": "#0E0500FF"
}
