{
  "name": "[Neon] Electric Violet",
  "author": "heo",
  "Border": "#8C00FFFF",
  "BorderShadow": "#00000000",
  "Button": "#5A008666",
  "ButtonActive": "#7A00AA66",
  "ButtonHovered": "#7A00AA72",
  "CheckMark": "#BB33FFFF",
  "ChildBg": "#FFFFFF00",
  "DragDropTarget": "#BB00FFFF",
  "FFTHoldColor": "#BB00FFEE",
  "FrameBg": "#330033BB",
  "FrameBgActive": "#4D004DBB",
  "FrameBgHovered": "#660066BB",
  "Header": "#6600667F",
  "HeaderActive": "#7F007F8F",
  "HeaderHovered": "#7F007FBF",
  "MenuBarBg": "#220022FF",
  "ModalWindowDimBg": "#00000080",
  "NavHighlight": "#BB33FFFF",
  "NavWindowingDimBg": "#3C003C88",
  "NavWindowingHighlight": "#BB33FFB2",
  "PlotHistogram": "#BB33FFFF",
  "PlotHistogramHovered": "#DD55FFFF",
  "PlotLines": "#EE77FFFF",
  "PlotLinesHovered": "#FF99FFFF",
  "PopupBg": "#220022F0",
  "ResizeGrip": "#BB33FF3F",
  "ResizeGripActive": "#BB33FFF2",
  "ResizeGripHovered": "#BB33FFAA",
  "ScrollbarBg": "#1A001A87",
  "ScrollbarGrab": "#7F007FFF",
  "ScrollbarGrabActive": "#AA00AAFF",
  "ScrollbarGrabHovered": "#990099FF",
  "Separator": "#8C00FFFF",
  "SeparatorActive": "#AA00AAFF",
  "SeparatorHovered": "#CC33CCFF",
  "SliderGrab": "#BB33FFFF",
  "SliderGrabActive": "#CC44FFFF",
  "Tab": "#660066DD",
  "TabActive": "#7F007FEE",
  "TabHovered": "#8C00FFDD",
  "TabUnfocused": "#300030F7",
  "TabUnfocusedActive": "#500050FF",
  "TableBorderLight": "#4F004FFF",
  "TableBorderStrong": "#6A006AFF",
  "TableHeaderBg": "#400040FF",
  "TableRowBg": "#00000000",
  "TableRowBgAlt": "#FF00FF0A",
  "Text": "#FFFFFFFF",
  "TextDisabled": "#BF7FBFFF",
  "TextSelectedBg": "#AA44AA59",
  "TitleBg": "#200020FF",
  "TitleBgActive": "#500050FF",
  "TitleBgCollapsed": "#00000082",
  "WindowBg": "#330033EE",
  "ClearColor": "#150015FF",
  "WaterfallBackground": "#140014FF"
}
