{
  "name": "[Dark] IronWave",
  "author": "heo",
  "Border": "#66666699",
  "BorderShadow": "#00000000",
  "Button": "#20202088",
  "ButtonActive": "#444444AA",
  "ButtonHovered": "#303030CC",
  "CheckMark": "#00FF88CC",
  "ChildBg": "#0D0D0DFF",
  "DragDropTarget": "#00FF8899",
  "FFTHoldColor": "#00FF8855",
  "FrameBg": "#141414FF",
  "FrameBgActive": "#1F1F1FFF",
  "FrameBgHovered": "#2A2A2AFF",
  "Header": "#00885588",
  "HeaderActive": "#00AA6688",
  "HeaderHovered": "#00CC7799",
  "MenuBarBg": "#101010FF",
  "ModalWindowDimBg": "#000000BB",
  "NavHighlight": "#00FF88CC",
  "NavWindowingDimBg": "#00000088",
  "NavWindowingHighlight": "#00FF88BB",
  "PlotHistogram": "#AAAA00FF",
  "PlotHistogramHovered": "#FFCC00FF",
  "PlotLines": "#00FF88FF",
  "PlotLinesHovered": "#00FFBBAA",
  "PopupBg": "#0A0A0AFF",
  "ResizeGrip": "#00FF8877",
  "ResizeGripActive": "#00FF88FF",
  "ResizeGripHovered": "#00FF88AA",
  "ScrollbarBg": "#111111FF",
  "ScrollbarGrab": "#333333FF",
  "ScrollbarGrabActive": "#555555FF",
  "ScrollbarGrabHovered": "#444444FF",
  "Separator": "#444444AA",
  "SeparatorActive": "#666666DD",
  "SeparatorHovered": "#555555CC",
  "SliderGrab": "#00FF88AA",
  "SliderGrabActive": "#00FF88FF",
  "Tab": "#202020FF",
  "TabActive": "#2F2F2FFF",
  "TabHovered": "#00FF88DD",
  "TabUnfocused": "#1A1A1AFF",
  "TabUnfocusedActive": "#2C2C2CFF",
  "TableBorderLight": "#333333FF",
  "TableBorderStrong": "#666666FF",
  "TableHeaderBg": "#1E1E1EFF",
  "TableRowBg": "#111111FF",
  "TableRowBgAlt": "#181818FF",
  "Text": "#DDDDDDFF",
  "TextDisabled": "#777777FF",
  "TextSelectedBg": "#00FF8844",
  "TitleBg": "#111111FF",
  "TitleBgActive": "#222222FF",
  "TitleBgCollapsed": "#00000088",
  "WindowBg": "#0C0C0CFF",
  "ClearColor": "#0C0C0CFF",
  "WaterfallBackground": "#000000FF"
}
