{
  "name": "[Dark] Lavender Pulse",
  "author": "heo",
  "Border": "#2B2B3CFF",
  "BorderShadow": "#000000BB",
  "Button": "#12122EFF",
  "ButtonActive": "#1F1F4AFF",
  "ButtonHovered": "#28285AFF",
  "CheckMark": "#7E4EFFEE",
  "ChildBg": "#00000000",
  "DragDropTarget": "#7E4EFFCC",
  "FFTHoldColor": "#7E4EFFEE",
  "FrameBg": "#0A0A1EFF",
  "FrameBgActive": "#151536FF",
  "FrameBgHovered": "#23234AFF",
  "Header": "#5A43B4BF",
  "HeaderActive": "#7E5CEAFF",
  "HeaderHovered": "#9B75FFFF",
  "MenuBarBg": "#0D0D22FF",
  "ModalWindowDimBg": "#000000BB",
  "NavHighlight": "#9B75FFFF",
  "NavWindowingDimBg": "#1A1A4088",
  "NavWindowingHighlight": "#9B75FFB2",
  "PlotHistogram": "#4C4CDBFF",
  "PlotHistogramHovered": "#7A7AFFEE",
  "PlotLines": "#9B75FFFF",
  "PlotLinesHovered": "#FF61FFFF",
  "PopupBg": "#121232EE",
  "ResizeGrip": "#9B75FF4D",
  "ResizeGripActive": "#9B75FFFF",
  "ResizeGripHovered": "#9B75FFAA",
  "ScrollbarBg": "#0B0B1B88",
  "ScrollbarGrab": "#333355FF",
  "ScrollbarGrabActive": "#6666AAFF",
  "ScrollbarGrabHovered": "#555599FF",
  "Separator": "#2B2B3CFF",
  "SeparatorActive": "#6666AAFF",
  "SeparatorHovered": "#7A7AFFFF",
  "SliderGrab": "#9B75FFFF",
  "SliderGrabActive": "#AB8AFFEE",
  "Tab": "#1B1B33DD",
  "TabActive": "#4C4CBBEE",
  "TabHovered": "#6F6FE0FF",
  "TabUnfocused": "#0A0A20BB",
  "TabUnfocusedActive": "#15153EFF",
  "TableBorderLight": "#1F1F3AFF",
  "TableBorderStrong": "#2B2B54FF",
  "TableHeaderBg": "#151536FF",
  "TableRowBg": "#00000000",
  "TableRowBgAlt": "#FFFFFF11",
  "Text": "#DADAFEFF",
  "TextDisabled": "#7B7B9AFF",
  "TextSelectedBg": "#4C4C9A66",
  "TitleBg": "#0A0A20FF",
  "TitleBgActive": "#232355FF",
  "TitleBgCollapsed": "#00000099",
  "WindowBg": "#0D0D22FF",
  "ClearColor": "#050512FF",
  "WaterfallBackground": "#00001400"
}
