{
    "name": "[Light] Lumen",
    "author": "heo",
    "Border": "#CCCCCC7F",
    "BorderShadow": "#00000000",
    "Button": "#E0E0E066",
    "ButtonActive": "#D0D0D066",
    "ButtonHovered": "#C8C8C872",
    "CheckMark": "#3D84E0FF",
    "ChildBg": "#FFFFFF00",
    "DragDropTarget": "#FFFF00E5",
    "FFTHoldColor": "#FFFF00FF",
    "FrameBg": "#F0F0F0DD",
    "FrameBgActive": "#E8E8E8FF",
    "FrameBgHovered": "#E0E0E0FF",
    "Header": "#A0A0A04F",
    "HeaderActive": "#9090907F",
    "HeaderHovered": "#B0B0B066",
    "MenuBarBg": "#F8F8F8FF",
    "ModalWindowDimBg": "#00000040",
    "NavHighlight": "#666666FF",
    "NavWindowingDimBg": "#CCCCCC33",
    "NavWindowingHighlight": "#FFFFFFB2",
    "PlotHistogram": "#BA9926FF",
    "PlotHistogramHovered": "#FF9900FF",
    "PlotLines": "#3D84E0FF",
    "PlotLinesHovered": "#1E62B2FF",
    "PopupBg": "#FFFFFFEF",
    "ResizeGrip": "#A0A0A03F",
    "ResizeGripActive": "#787878F2",
    "ResizeGripHovered": "#B0B0B0AA",
    "ScrollbarBg": "#E0E0E087",
    "ScrollbarGrab": "#A0A0A0FF",
    "ScrollbarGrabActive": "#787878FF",
    "ScrollbarGrabHovered": "#909090FF",
    "Separator": "#CCCCCC7F",
    "SeparatorActive": "#828282FF",
    "SeparatorHovered": "#B7B7B7C6",
    "SliderGrab": "#3D84E0FF",
    "SliderGrabActive": "#4296F9FF",
    "Tab": "#C0D0F0DB",
    "TabActive": "#3268ADFF",
    "TabHovered": "#4296F9CC",
    "TabUnfocused": "#E8F0FFF7",
    "TabUnfocusedActive": "#A0B4EFFF",
    "TableBorderLight": "#B0B0B0FF",
    "TableBorderStrong": "#909090FF",
    "TableHeaderBg": "#E0E0E0FF",
    "TableRowBg": "#FFFFFF00",
    "TableRowBgAlt": "#F8F8F80F",
    "Text": "#222222FF",
    "TextDisabled": "#7F7F7FFF",
    "TextSelectedBg": "#DDDDDD59",
    "TitleBg": "#F0F0F0FF",
    "TitleBgActive": "#D0D0D0FF",
    "TitleBgCollapsed": "#A0A0A082",
    "WindowBg": "#FFFFFFEF",
    "ClearColor": "#FFFFFFFE",
    "WaterfallBackground": "#FFFFFFFF"
}
