{
  "name": "[Dark] Midnight Forest",
  "author": "heo",
  "Border": "#234022FF",
  "BorderShadow": "#00000000",
  "Button": "#1A2D1A66",
  "ButtonActive": "#2A3E2A66",
  "ButtonHovered": "#2A3E2A72",
  "CheckMark": "#4CB050FF",
  "ChildBg": "#FFFFFF00",
  "DragDropTarget": "#30B050CC",
  "FFTHoldColor": "#30B050EE",
  "FrameBg": "#182818BB",
  "FrameBgActive": "#243224BB",
  "FrameBgHovered": "#2F3A2FBB",
  "Header": "#3265327F",
  "HeaderActive": "#3D7A3D8F",
  "HeaderHovered": "#3D7A3DBF",
  "MenuBarBg": "#121B12FF",
  "ModalWindowDimBg": "#00000080",
  "NavHighlight": "#50B050FF",
  "NavWindowingDimBg": "#1C3C1C88",
  "NavWindowingHighlight": "#50B050B2",
  "PlotHistogram": "#44AA44FF",
  "PlotHistogramHovered": "#66CC66FF",
  "PlotLines": "#66E566FF",
  "PlotLinesHovered": "#59FF59FF",
  "PopupBg": "#0D220DF0",
  "ResizeGrip": "#50B0503F",
  "ResizeGripActive": "#50B050F2",
  "ResizeGripHovered": "#50B050AA",
  "ScrollbarBg": "#0A1A0A87",
  "ScrollbarGrab": "#2E7F2EFF",
  "ScrollbarGrabActive": "#409640FF",
  "ScrollbarGrabHovered": "#357F35FF",
  "Separator": "#234022FF",
  "SeparatorActive": "#409640FF",
  "SeparatorHovered": "#4D994DFF",
  "SliderGrab": "#4CB050FF",
  "SliderGrabActive": "#52B652FF",
  "Tab": "#225522DD",
  "TabActive": "#2B6F2BEE",
  "TabHovered": "#3D7F3DDD",
  "TabUnfocused": "#102210F7",
  "TabUnfocusedActive": "#1A351AFF",
  "TableBorderLight": "#2A3A2AFF",
  "TableBorderStrong": "#3A6A3AFF",
  "TableHeaderBg": "#203220FF",
  "TableRowBg": "#00000000",
  "TableRowBgAlt": "#0A150A0A",
  "Text": "#FFFFFFFF",
  "TextDisabled": "#7F9FBFFF",
  "TextSelectedBg": "#44774459",
  "TitleBg": "#0A140AFF",
  "TitleBgActive": "#2C3E2CFF",
  "TitleBgCollapsed": "#00000082",
  "WindowBg": "#0D1A0DEE",
  "ClearColor": "#0B100BFF",
  "WaterfallBackground": "#001400FF"
}
