{
  "name": "[Light] Mint Breeze",
  "author": "heo",
  "Border": "#A0D8BFFF",
  "BorderShadow": "#00000000",
  "Button": "#C0F0D866",
  "ButtonActive": "#90CDA066",
  "ButtonHovered": "#90CDA072",
  "CheckMark": "#2AC4A6FF",
  "ChildBg": "#FFFFFF00",
  "DragDropTarget": "#2AD7B2CC",
  "FFTHoldColor": "#2AD7B2EE",
  "FrameBg": "#D4F0EBBB",
  "FrameBgActive": "#B7DCD6BB",
  "FrameBgHovered": "#A5D4CEBB",
  "Header": "#67BCA47F",
  "HeaderActive": "#52B1968F",
  "HeaderHovered": "#52B196BF",
  "MenuBarBg": "#B5E8DBFF",
  "ModalWindowDimBg": "#00000020",
  "NavHighlight": "#34BFA4FF",
  "NavWindowingDimBg": "#8CF1E288",
  "NavWindowingHighlight": "#34BFA4B2",
  "PlotHistogram": "#4FD4B3FF",
  "PlotHistogramHovered": "#7AE1C3FF",
  "PlotLines": "#2AC4A6FF",
  "PlotLinesHovered": "#59D9C8FF",
  "PopupBg": "#E2F6F1F0",
  "ResizeGrip": "#34BFA43F",
  "ResizeGripActive": "#34BFA4F2",
  "ResizeGripHovered": "#34BFA4AA",
  "ScrollbarBg": "#B8F2E887",
  "ScrollbarGrab": "#60C4AAFF",
  "ScrollbarGrabActive": "#49AA82FF",
  "ScrollbarGrabHovered": "#56BA91FF",
  "Separator": "#A0D8BFFF",
  "SeparatorActive": "#49AA82FF",
  "SeparatorHovered": "#68C79FFF",
  "SliderGrab": "#2AC4A6FF",
  "SliderGrabActive": "#3CCDB7FF",
  "Tab": "#82CDB6DD",
  "TabActive": "#59BAA3EE",
  "TabHovered": "#7ADEC1DD",
  "TabUnfocused": "#C1E3DBF7",
  "TabUnfocusedActive": "#8BC7B1FF",
  "TableBorderLight": "#8BC7B1FF",
  "TableBorderStrong": "#61A68EFF",
  "TableHeaderBg": "#B7DDD3FF",
  "TableRowBg": "#FFFFFF00",
  "TableRowBgAlt": "#E6F3EFFF",
  "Text": "#00261EFF",
  "TextDisabled": "#7F9FBFFF",
  "TextSelectedBg": "#449A8459",
  "TitleBg": "#B4E2D1FF",
  "TitleBgActive": "#90CDA0FF",
  "TitleBgCollapsed": "#00000020",
  "WindowBg": "#D4F0EBEE",
  "ClearColor": "#ECFAF5FF",
  "WaterfallBackground": "#F0FFF9FF"
}
