{
  "name": "[Neon] Grid",
  "author": "heo",
  "Border": "#00FFF7AA",
  "BorderShadow": "#00000000",
  "Button": "#22004466",
  "ButtonActive": "#440088AA",
  "ButtonHovered": "#33006699",
  "CheckMark": "#FF00CCFF",
  "ChildBg": "#00000000",
  "DragDropTarget": "#FF00FFCC",
  "FFTHoldColor": "#00E6FFDD",
  "FrameBg": "#1A002ABB",
  "FrameBgActive": "#330066DD",
  "FrameBgHovered": "#5500AAEE",
  "Header": "#7700FF66",
  "HeaderActive": "#9900FF99",
  "HeaderHovered": "#AA33FFCC",
  "MenuBarBg": "#110022FF",
  "ModalWindowDimBg": "#00000099",
  "NavHighlight": "#00FFFFAA",
  "NavWindowingDimBg": "#00003388",
  "NavWindowingHighlight": "#00FFF0CC",
  "PlotHistogram": "#00FFAAFF",
  "PlotHistogramHovered": "#00FFD0FF",
  "PlotLines": "#00FFFFEE",
  "PlotLinesHovered": "#FF66CCFF",
  "PopupBg": "#0A0018F0",
  "ResizeGrip": "#FF00FF3F",
  "ResizeGripActive": "#FF00FFF2",
  "ResizeGripHovered": "#FF00FFAA",
  "ScrollbarBg": "#110033A7",
  "ScrollbarGrab": "#7700FFFF",
  "ScrollbarGrabActive": "#9900FFFF",
  "ScrollbarGrabHovered": "#AA33FFFF",
  "Separator": "#00FFCCAA",
  "SeparatorActive": "#00FFDDFF",
  "SeparatorHovered": "#00FFE0CC",
  "SliderGrab": "#FF00E0FF",
  "SliderGrabActive": "#FF33F0FF",
  "Tab": "#220044DD",
  "TabActive": "#550088FF",
  "TabHovered": "#9900FFFF",
  "TabUnfocused": "#110022F7",
  "TabUnfocusedActive": "#330066FF",
  "TableBorderLight": "#440077FF",
  "TableBorderStrong": "#6600AAFF",
  "TableHeaderBg": "#1A0033FF",
  "TableRowBg": "#00000000",
  "TableRowBgAlt": "#FFFFFF08",
  "Text": "#FFFFFFFF",
  "TextDisabled": "#8888AAFF",
  "TextSelectedBg": "#FF00FF44",
  "TitleBg": "#000010FF",
  "TitleBgActive": "#1A0033FF",
  "TitleBgCollapsed": "#00000088",
  "WindowBg": "#0A0018EE",
  "ClearColor": "#00000FFF",
  "WaterfallBackground": "#00001AFF"
}
