{
  "name": "[Neon] Photon Yellow",
  "author": "heo",
  "Border": "#FFD700FF",
  "BorderShadow": "#00000000",
  "Button": "#332A000F",
  "ButtonActive": "#FFD700AA",
  "ButtonHovered": "#E6C20099",
  "CheckMark": "#FFFF88FF",
  "ChildBg": "#1A1400FF",
  "DragDropTarget": "#FFF700CC",
  "FFTHoldColor": "#FFE100DD",
  "FrameBg": "#332A00FF",
  "FrameBgActive": "#FFE100CC",
  "FrameBgHovered": "#FFF700AA",
  "Header": "#FFD70066",
  "HeaderActive": "#FFE80099",
  "HeaderHovered": "#FFF933BB",
  "MenuBarBg": "#1A1400FF",
  "ModalWindowDimBg": "#000000CC",
  "NavHighlight": "#FFF700AA",
  "NavWindowingDimBg": "#332A00DD",
  "NavWindowingHighlight": "#FFF700CC",
  "PlotHistogram": "#FFDD00FF",
  "PlotHistogramHovered": "#FFFF00FF",
  "PlotLines": "#FFF933FF",
  "PlotLinesHovered": "#FFFF66FF",
  "PopupBg": "#1A1400FF",
  "ResizeGrip": "#FFD70099",
  "ResizeGripActive": "#FFFF00FF",
  "ResizeGripHovered": "#FFF933DD",
  "ScrollbarBg": "#332A00FF",
  "ScrollbarGrab": "#FFD700CC",
  "ScrollbarGrabActive": "#FFF933EE",
  "ScrollbarGrabHovered": "#FFFF00EE",
  "Separator": "#FFD700AA",
  "SeparatorActive": "#FFF933FF",
  "SeparatorHovered": "#FFFF66BB",
  "SliderGrab": "#FFE100FF",
  "SliderGrabActive": "#FFF933FF",
  "Tab": "#332A00DD",
  "TabActive": "#FFE800FF",
  "TabHovered": "#FFF933EE",
  "TabUnfocused": "#221C00FF",
  "TabUnfocusedActive": "#443800FF",
  "TableBorderLight": "#FFE100CC",
  "TableBorderStrong": "#FFD700FF",
  "TableHeaderBg": "#3A2F00FF",
  "TableRowBg": "#1A1400FF",
  "TableRowBgAlt": "#2A2100FF",
  "Text": "#FFFFFFFF",
  "TextDisabled": "#BBAA55FF",
  "TextSelectedBg": "#FFD70044",
  "TitleBg": "#221C00FF",
  "TitleBgActive": "#443800FF",
  "TitleBgCollapsed": "#00000088",
  "WindowBg": "#1A1400FF",
  "ClearColor": "#1A1400FF",
  "WaterfallBackground": "#1A1400FF"
}
