{
  "name": "[Light] Sakura Dream",
  "author": "heo",
  "Border": "#E58BB5FF",
  "BorderShadow": "#00000022",
  "Button": "#F8D6E0AA",
  "ButtonActive": "#F5BFD7EE",
  "ButtonHovered": "#F5CFE3CC",
  "CheckMark": "#FF88CCFF",
  "ChildBg": "#FBEAF1FF",
  "DragDropTarget": "#FF99CCDD",
  "FFTHoldColor": "#FF88CCBB",
  "FrameBg": "#F9E2EBFF",
  "FrameBgActive": "#F6CDE3FF",
  "FrameBgHovered": "#F6D7E9FF",
  "Header": "#F3B1C9CC",
  "HeaderActive": "#F19ABBFF",
  "HeaderHovered": "#F6C3DAFF",
  "MenuBarBg": "#FAEFF4FF",
  "ModalWindowDimBg": "#00000088",
  "NavHighlight": "#FF99CCFF",
  "NavWindowingDimBg": "#F5CFE399",
  "NavWindowingHighlight": "#FFA3D2FF",
  "PlotHistogram": "#FF77B7FF",
  "PlotHistogramHovered": "#FF99CCFF",
  "PlotLines": "#FF88CCFF",
  "PlotLinesHovered": "#FFB3DFFF",
  "PopupBg": "#F8E6EEFF",
  "ResizeGrip": "#F6C3DAAA",
  "ResizeGripActive": "#FF88CCFF",
  "ResizeGripHovered": "#FFB3DFFF",
  "ScrollbarBg": "#F0DCE6FF",
  "ScrollbarGrab": "#F8CDE3FF",
  "ScrollbarGrabActive": "#FF99CCFF",
  "ScrollbarGrabHovered": "#FFBBDFFF",
  "Separator": "#F3B1C9CC",
  "SeparatorActive": "#FF88CCFF",
  "SeparatorHovered": "#FFAACDFF",
  "SliderGrab": "#FF99CCFF",
  "SliderGrabActive": "#FF88CCFF",
  "Tab": "#F9E3EEFF",
  "TabActive": "#F6C9DFFF",
  "TabHovered": "#FFD7EBFF",
  "TabUnfocused": "#FAEFF4FF",
  "TabUnfocusedActive": "#F3C8DCFF",
  "TableBorderLight": "#F3B1C9AA",
  "TableBorderStrong": "#F19ABBCC",
  "TableHeaderBg": "#FAF0F6FF",
  "TableRowBg": "#FFF6F9FF",
  "TableRowBgAlt": "#FBEAF1FF",
  "Text": "#A0326FFF",
  "TextDisabled": "#BB88AAFF",
  "TextSelectedBg": "#F5CFE3DD",
  "TitleBg": "#FCEFF4FF",
  "TitleBgActive": "#F9DCEAFF",
  "TitleBgCollapsed": "#FAE8F2FF",
  "WindowBg": "#FCEFF4FF",
  "ClearColor": "#F9D6E3FF",
  "WaterfallBackground": "#FCEFF4FF"
}
