{
  "name": "[Light] Soft Coral",
  "author": "heo",
  "Border": "#E6A8A5FF",
  "BorderShadow": "#00000000",
  "Button": "#FFD9D8FF",
  "ButtonActive": "#F5B9B8FF",
  "ButtonHovered": "#F5B3B3FF",
  "CheckMark": "#D4635AFF",
  "ChildBg": "#00000000",
  "DragDropTarget": "#FFA7A0FF",
  "FFTHoldColor": "#FFA7A0FF",
  "FrameBg": "#FFE5E4FF",
  "FrameBgActive": "#FFCAC9FF",
  "FrameBgHovered": "#FFC1C0FF",
  "Header": "#D9776FFF",
  "HeaderActive": "#E39388FF",
  "HeaderHovered": "#EB9D97FF",
  "MenuBarBg": "#FFF1F1FF",
  "ModalWindowDimBg": "#00000080",
  "NavHighlight": "#D4635AFF",
  "NavWindowingDimBg": "#1C1C3C88",
  "NavWindowingHighlight": "#D4635AB2",
  "PlotHistogram": "#F2A2A0FF",
  "PlotHistogramHovered": "#FBB8B5FF",
  "PlotLines": "#D66059FF",
  "PlotLinesHovered": "#BD3F35FF",
  "PopupBg": "#FFF5F5F0",
  "ResizeGrip": "#D4635A3F",
  "ResizeGripActive": "#D4635AF2",
  "ResizeGripHovered": "#D4635AAA",
  "ScrollbarBg": "#F8E9E9B7",
  "ScrollbarGrab": "#E2ABAAFF",
  "ScrollbarGrabActive": "#DC9B9AFF",
  "ScrollbarGrabHovered": "#D57E7EFF",
  "Separator": "#E6A8A5FF",
  "SeparatorActive": "#D57E7EFF",
  "SeparatorHovered": "#C8726EFF",
  "SliderGrab": "#D4635AFF",
  "SliderGrabActive": "#D4635AF2",
  "Tab": "#FFD6D6DD",
  "TabActive": "#F2A2A2EE",
  "TabHovered": "#F59999DD",
  "TabUnfocused": "#FFF0F0F7",
  "TabUnfocusedActive": "#FFD2D2FF",
  "TableBorderLight": "#F0CFCFFF",
  "TableBorderStrong": "#E7AFAFFF",
  "TableHeaderBg": "#FFE6E5FF",
  "TableRowBg": "#00000000",
  "TableRowBgAlt": "#FFFFFF0A",
  "Text": "#5E2E2DFF",
  "TextDisabled": "#7F9FBFFF",
  "TextSelectedBg": "#D46B6B44",
  "TitleBg": "#FFF1F1FF",
  "TitleBgActive": "#E6918FFF",
  "TitleBgCollapsed": "#00000082",
  "WindowBg": "#FFF5F5FF",
  "ClearColor": "#FFF2F3FF",
  "WaterfallBackground": "#FFEBEBFF"
}
