{
  "name": "[Light] Solar Flare",
  "author": "heo",
  "Border": "#FFD47DFF",
  "BorderShadow": "#00000000",
  "Button": "#FFE7B766",
  "ButtonActive": "#FFC75966",
  "ButtonHovered": "#FFC75972",
  "CheckMark": "#FFAA33FF",
  "ChildBg": "#FFFFFF00",
  "DragDropTarget": "#FFBA33CC",
  "FFTHoldColor": "#FFBA33EE",
  "FrameBg": "#FFF3D1BB",
  "FrameBgActive": "#FFDBB1BB",
  "FrameBgHovered": "#FFCF9CBB",
  "Header": "#E6A53F7F",
  "HeaderActive": "#D78E2D8F",
  "HeaderHovered": "#D78E2DBF",
  "MenuBarBg": "#FFF2C0FF",
  "ModalWindowDimBg": "#00000020",
  "NavHighlight": "#FFB533FF",
  "NavWindowingDimBg": "#FFE4A888",
  "NavWindowingHighlight": "#FFB533B2",
  "PlotHistogram": "#FFB144FF",
  "PlotHistogramHovered": "#FFCC66FF",
  "PlotLines": "#FFD433FF",
  "PlotLinesHovered": "#FFE666FF",
  "PopupBg": "#FFF0B4F0",
  "ResizeGrip": "#FFB5333F",
  "ResizeGripActive": "#FFB533F2",
  "ResizeGripHovered": "#FFB533AA",
  "ScrollbarBg": "#FFF7DE87",
  "ScrollbarGrab": "#FFAA33FF",
  "ScrollbarGrabActive": "#FF922EFF",
  "ScrollbarGrabHovered": "#FF9933FF",
  "Separator": "#FFD47DFF",
  "SeparatorActive": "#FF922EFF",
  "SeparatorHovered": "#FFB866FF",
  "SliderGrab": "#FFAA33FF",
  "SliderGrabActive": "#FFB833FF",
  "Tab": "#FFC756DD",
  "TabActive": "#FFAA42EE",
  "TabHovered": "#FFCC6ADD",
  "TabUnfocused": "#FFF8F0F7",
  "TabUnfocusedActive": "#FFD384FF",
  "TableBorderLight": "#FFD38AFF",
  "TableBorderStrong": "#E6A74EFF",
  "TableHeaderBg": "#FFEBCFFF",
  "TableRowBg": "#FFFFFF00",
  "TableRowBgAlt": "#FFF9F10A",
  "Text": "#553300FF",
  "TextDisabled": "#7F7F7FFF",
  "TextSelectedBg": "#AA774459",
  "TitleBg": "#FFEDB0FF",
  "TitleBgActive": "#FFC759FF",
  "TitleBgCollapsed": "#00000020",
  "WindowBg": "#FFF3D1EE",
  "ClearColor": "#FFFDF4FF",
  "WaterfallBackground": "#FFFAE8FF"
}
