{
  "name": "[Weird] Surreal Glitch",
  "author": "heo",
  "Border": "#AAFF00FF",
  "BorderShadow": "#00000044",
  "Button": "#5522CCAA",
  "ButtonActive": "#FF11EECC",
  "ButtonHovered": "#EE223377",
  "CheckMark": "#00FFCCFF",
  "ChildBg": "#11002211",
  "DragDropTarget": "#FF0077CC",
  "FFTHoldColor": "#00FF77EE",
  "FrameBg": "#002233DD",
  "FrameBgActive": "#BB00FFFF",
  "FrameBgHovered": "#33FFAAEE",
  "Header": "#FFAA00BF",
  "HeaderActive": "#00EEFF8F",
  "HeaderHovered": "#FF44DDDF",
  "MenuBarBg": "#220011FF",
  "ModalWindowDimBg": "#000000CC",
  "NavHighlight": "#AA00FFEE",
  "NavWindowingDimBg": "#11001188",
  "NavWindowingHighlight": "#FF00CCB2",
  "PlotHistogram": "#77FF44FF",
  "PlotHistogramHovered": "#DDFF00EE",
  "PlotLines": "#FF0055FF",
  "PlotLinesHovered": "#00DDFFEE",
  "PopupBg": "#001122EE",
  "ResizeGrip": "#AA00FF55",
  "ResizeGripActive": "#FF44EEFF",
  "ResizeGripHovered": "#CC33DDFF",
  "ScrollbarBg": "#11004488",
  "ScrollbarGrab": "#00FF11FF",
  "ScrollbarGrabActive": "#AAF0EEFF",
  "ScrollbarGrabHovered": "#55CC99FF",
  "Separator": "#88FF00FF",
  "SeparatorActive": "#FF33AAFF",
  "SeparatorHovered": "#33EEFFDD",
  "SliderGrab": "#FF0055FF",
  "SliderGrabActive": "#EEFF00FF",
  "Tab": "#331155CC",
  "TabActive": "#FFAA33EE",
  "TabHovered": "#44FF99DD",
  "TabUnfocused": "#110011BB",
  "TabUnfocusedActive": "#220022FF",
  "TableBorderLight": "#00FF88FF",
  "TableBorderStrong": "#FF0088EE",
  "TableHeaderBg": "#442277FF",
  "TableRowBg": "#00000000",
  "TableRowBgAlt": "#FFFFFF11",
  "Text": "#CCFFEEFF",
  "TextDisabled": "#8888BBAA",
  "TextSelectedBg": "#FF00CC66",
  "TitleBg": "#000011FF",
  "TitleBgActive": "#AA0033FF",
  "TitleBgCollapsed": "#00000099",
  "WindowBg": "#110022FF",
  "ClearColor": "#001100FF",
  "WaterfallBackground": "#00003300"
}
