{
  "name": "[Neon] Toxic Green",
  "author": "heo",
  "Border": "#22CC2288",
  "BorderShadow": "#00000022",
  "Button": "#002A0022",
  "ButtonActive": "#00440088",
  "ButtonHovered": "#00330066",
  "CheckMark": "#33CC33DD",
  "ChildBg": "#00110033",
  "DragDropTarget": "#33CC33AA",
  "FFTHoldColor": "#33CC33BB",
  "FrameBg": "#0F220F44",
  "FrameBgActive": "#224422AA",
  "FrameBgHovered": "#336633BB",
  "Header": "#22882266",
  "HeaderActive": "#33AA3399",
  "HeaderHovered": "#44BB44AA",
  "MenuBarBg": "#0D220D33",
  "ModalWindowDimBg": "#00000099",
  "NavHighlight": "#33CC33AA",
  "NavWindowingDimBg": "#00220088",
  "NavWindowingHighlight": "#33CC33BB",
  "PlotHistogram": "#22CC22DD",
  "PlotHistogramHovered": "#33DD33EE",
  "PlotLines": "#33CC33EE",
  "PlotLinesHovered": "#44DD44FF",
  "PopupBg": "#0A1100FF",
  "ResizeGrip": "#33CC3344",
  "ResizeGripActive": "#33CC33BB",
  "ResizeGripHovered": "#33CC3388",
  "ScrollbarBg": "#11221199",
  "ScrollbarGrab": "#22AA22CC",
  "ScrollbarGrabActive": "#33BB33DD",
  "ScrollbarGrabHovered": "#44CC44EE",
  "Separator": "#33CC3388",
  "SeparatorActive": "#44DD44AA",
  "SeparatorHovered": "#55EE55BB",
  "SliderGrab": "#33CC33BB",
  "SliderGrabActive": "#44DD44CC",
  "Tab": "#223322BB",
  "TabActive": "#446644DD",
  "TabHovered": "#55AA55DD",
  "TabUnfocused": "#112211EE",
  "TabUnfocusedActive": "#334433DD",
  "TableBorderLight": "#224422BB",
  "TableBorderStrong": "#336633DD",
  "TableHeaderBg": "#1A332211",
  "TableRowBg": "#00000011",
  "TableRowBgAlt": "#00110022",
  "Text": "#FFFFFFFF",
  "TextDisabled": "#559955CC",
  "TextSelectedBg": "#11441133",
  "TitleBg": "#001100CC",
  "TitleBgActive": "#223322DD",
  "TitleBgCollapsed": "#00000088",
  "WindowBg": "#0A110022",
  "ClearColor": "#001100CC",
  "WaterfallBackground": "#00110022"
}
