{
  "name": "[Light] Vintage Radio",
  "author": "heo",
  "Border": "#8C735BFF",
  "BorderShadow": "#00000000",
  "Button": "#C2A27899",
  "ButtonActive": "#D6B980BB",
  "ButtonHovered": "#E5C690BB",
  "CheckMark": "#4B3F2EFF",
  "ChildBg": "#FDF6E0DD",
  "DragDropTarget": "#BBA470DD",
  "FFTHoldColor": "#D6C99BFF",
  "FrameBg": "#EDE0C8FF",
  "FrameBgActive": "#D6C3A8FF",
  "FrameBgHovered": "#F3E3BEFF",
  "Header": "#8F6D49BB",
  "HeaderActive": "#A07855DD",
  "HeaderHovered": "#B68B63CC",
  "MenuBarBg": "#D6B98CFF",
  "ModalWindowDimBg": "#00000080",
  "NavHighlight": "#A0682AFF",
  "NavWindowingDimBg": "#40341A88",
  "NavWindowingHighlight": "#C08848AA",
  "PlotHistogram": "#A67C52FF",
  "PlotHistogramHovered": "#D89F6EFF",
  "PlotLines": "#967855FF",
  "PlotLinesHovered": "#C09660FF",
  "PopupBg": "#F5E6C5F0",
  "ResizeGrip": "#A0785555",
  "ResizeGripActive": "#A07855FF",
  "ResizeGripHovered": "#A07877AA",
  "ScrollbarBg": "#D6C2A7CC",
  "ScrollbarGrab": "#9F815CFF",
  "ScrollbarGrabActive": "#B4936EFF",
  "ScrollbarGrabHovered": "#A88B66FF",
  "Separator": "#BFA87FFF",
  "SeparatorActive": "#A07855FF",
  "SeparatorHovered": "#C68F5FFF",
  "SliderGrab": "#9C7A54FF",
  "SliderGrabActive": "#BA8F6BFF",
  "Tab": "#C6B18BFF",
  "TabActive": "#B89A6FFF",
  "TabHovered": "#CDAF82FF",
  "TabUnfocused": "#D6C3A2FF",
  "TabUnfocusedActive": "#BFA274FF",
  "TableBorderLight": "#E0D2B1FF",
  "TableBorderStrong": "#C2A678FF",
  "TableHeaderBg": "#EEE2C0FF",
  "TableRowBg": "#FDF6E010",
  "TableRowBgAlt": "#FFFFFF08",
  "Text": "#3A2B1DFF",
  "TextDisabled": "#7F6B5FFF",
  "TextSelectedBg": "#A07C5555",
  "TitleBg": "#E8D5B3FF",
  "TitleBgActive": "#C6A878FF",
  "TitleBgCollapsed": "#C4A66EFF",
  "WindowBg": "#F8EED5FF",
  "ClearColor": "#F2E4C6FF",
  "WaterfallBackground": "#F3EBD2FF"
}
