{
  "name": "[Dark] Void Black",
  "author": "heo",
  "Border": "#000000FF",
  "BorderShadow": "#00000000",
  "Button": "#11111166",
  "ButtonActive": "#22222299",
  "ButtonHovered": "#1A1A1A88",
  "CheckMark": "#FFFFFFFF",
  "ChildBg": "#00000000",
  "DragDropTarget": "#FFFFFFAA",
  "FFTHoldColor": "#FFFFFFFF",
  "FrameBg": "#000000DD",
  "FrameBgActive": "#111111DD",
  "FrameBgHovered": "#1A1A1ADD",
  "Header": "#11111199",
  "HeaderActive": "#222222BB",
  "HeaderHovered": "#333333CC",
  "MenuBarBg": "#000000FF",
  "ModalWindowDimBg": "#00000080",
  "NavHighlight": "#FFFFFFFF",
  "NavWindowingDimBg": "#00000088",
  "NavWindowingHighlight": "#FFFFFFFF",
  "PlotHistogram": "#FFFFFFDD",
  "PlotHistogramHovered": "#FFFFFFFF",
  "PlotLines": "#FFFFFFFF",
  "PlotLinesHovered": "#FFFFFFDD",
  "PopupBg": "#000000F0",
  "ResizeGrip": "#FFFFFF33",
  "ResizeGripActive": "#FFFFFFFF",
  "ResizeGripHovered": "#DDDDDDDD",
  "ScrollbarBg": "#00000077",
  "ScrollbarGrab": "#444444FF",
  "ScrollbarGrabActive": "#666666FF",
  "ScrollbarGrabHovered": "#555555FF",
  "Separator": "#1A1A1AFF",
  "SeparatorActive": "#FFFFFFDD",
  "SeparatorHovered": "#CCCCCCFF",
  "SliderGrab": "#FFFFFFFF",
  "SliderGrabActive": "#EEEEEEFF",
  "Tab": "#111111DD",
  "TabActive": "#222222FF",
  "TabHovered": "#333333FF",
  "TabUnfocused": "#080808F7",
  "TabUnfocusedActive": "#111111FF",
  "TableBorderLight": "#111111FF",
  "TableBorderStrong": "#222222FF",
  "TableHeaderBg": "#0A0A0AFF",
  "TableRowBg": "#00000000",
  "TableRowBgAlt": "#11111111",
  "Text": "#FFFFFFFF",
  "TextDisabled": "#999999FF",
  "TextSelectedBg": "#FFFFFF33",
  "TitleBg": "#000000FF",
  "TitleBgActive": "#111111FF",
  "TitleBgCollapsed": "#00000082",
  "WindowBg": "#000000EE",
  "ClearColor": "#000000FF",
  "WaterfallBackground": "#000000FF"
}
