{
  "name": "[Dark] Warm Glow",
  "author": "heo",
  "Border": "#5A3E2BFF",
  "BorderShadow": "#00000077",
  "Button": "#3C2B1DCC",
  "ButtonActive": "#5A3E2BCC",
  "ButtonHovered": "#6A4B31DD",
  "CheckMark": "#FF8C42FF",
  "ChildBg": "#00000000",
  "DragDropTarget": "#FF6F29CC",
  "FFTHoldColor": "#FF6F29EE",
  "FrameBg": "#2D1E14DD",
  "FrameBgActive": "#3B291FCC",
  "FrameBgHovered": "#503624EE",
  "Header": "#7A4F3F9F",
  "HeaderActive": "#A05B417F",
  "HeaderHovered": "#B066438F",
  "MenuBarBg": "#1C130DFF",
  "ModalWindowDimBg": "#000000AA",
  "NavHighlight": "#FF914DFF",
  "NavWindowingDimBg": "#311F1600",
  "NavWindowingHighlight": "#FF914DB2",
  "PlotHistogram": "#C46A20FF",
  "PlotHistogramHovered": "#FF8C42FF",
  "PlotLines": "#FFB55DFF",
  "PlotLinesHovered": "#FF6030FF",
  "PopupBg": "#24170FFF",
  "ResizeGrip": "#FF914D4D",
  "ResizeGripActive": "#FF914DFF",
  "ResizeGripHovered": "#FF914DBB",
  "ScrollbarBg": "#1A100B88",
  "ScrollbarGrab": "#5D3B23FF",
  "ScrollbarGrabActive": "#8A552FFF",
  "ScrollbarGrabHovered": "#6F3F20FF",
  "Separator": "#5A3E2BFF",
  "SeparatorActive": "#8A552FFF",
  "SeparatorHovered": "#B06A3EFF",
  "SliderGrab": "#FF914DFF",
  "SliderGrabActive": "#FFAD71FF",
  "Tab": "#4B2E17DD",
  "TabActive": "#7A4F3FE6",
  "TabHovered": "#A6633EFF",
  "TabUnfocused": "#2B170CBB",
  "TabUnfocusedActive": "#3C2614FF",
  "TableBorderLight": "#3B2419FF",
  "TableBorderStrong": "#5A3E2BFF",
  "TableHeaderBg": "#3A261AFF",
  "TableRowBg": "#00000000",
  "TableRowBgAlt": "#FFFFFF0F",
  "Text": "#FFD9B3FF",
  "TextDisabled": "#B38C66AA",
  "TextSelectedBg": "#552C14AA",
  "TitleBg": "#1B0F06FF",
  "TitleBgActive": "#4D2B10FF",
  "TitleBgCollapsed": "#00000099",
  "WindowBg": "#261B13FF",
  "ClearColor": "#150F0AFF",
  "WaterfallBackground": "#180F0700"
}
